isiZulu,isiXhosa,siSwati,English,Context
Ubuntu,Ubuntu,Ubuntu,Humanity,Philosophy of togetherness and communal living
Ikhaya,Ikhaya,Likhaya,Home,Family residence and place of safety
Umsebenzi,Umsebenzi,Umsebenti,Work,Job or employment duties
Isikole,Isikolo,Sikolo,School,Institution of learning and education
Umlando,Imbali,Umlandvo,History,Record of past events and stories
Indlamu,Indlamu,Indlamu,War Dance,Traditional Zulu warrior dance performed at ceremonies
Umemulo,Umemulo,Kumemula,Coming of Age Ceremony,Traditional celebration for young women
Imvunulo,Imvunulo,Imvunulo,Traditional Attire,Cultural clothing worn during ceremonies
Amalobolo,Ilobolo,Emalobolo,Bride Price,Marriage custom involving cattle or gifts
Umvulamlomo,Umvulamlomo,Umvulamlomo,Opening of the Mouth,Ceremony before negotiations or speeches
Umhlanga,Umhlanga,Luhlanga,Reed Dance,Annual cultural event for maidens
Umkhonto,Umkhonto,Umkhonto,Assegai,A traditional spear used in war and hunting
Isibaya,Isibaya,Sibaya,Cattle Kraal,Central part of homestead for livestock
Inqama,Inqama,Inkhomo,Bull,A symbol of wealth and strength in Zulu culture
Umgcagco,Umtsalane,Umtsimba,Wedding,Traditional marriage ceremony
Unhlambuluko,Ukucoca,Kunhlambuluko,Purification,Spiritual cleansing ritual
Isiphala,Isiphala,Liphala,Granary,Storage for food and grain in homestead
Ihubo,Ihubo,Ihubo,Song,Traditional song sung at gatherings
Isigubhu,Isigubhu,Sigubhu,Drum,Musical instrument used in dances and ceremonies
Ubuhlalu,Ubuhlalu,Emabhala,Beads,Beadwork used for decoration and cultural identity

